-- phpMyAdmin SQL Dump
-- version 5.0.4
-- https://www.phpmyadmin.net/
--
-- Servidor: 127.0.0.1
-- Tiempo de generación: 22-11-2021 a las 22:51:58
-- Versión del servidor: 10.4.16-MariaDB
-- Versión de PHP: 7.4.12

SET SQL_MODE = "NO_AUTO_VALUE_ON_ZERO";
START TRANSACTION;
SET time_zone = "+00:00";


/*!40101 SET @OLD_CHARACTER_SET_CLIENT=@@CHARACTER_SET_CLIENT */;
/*!40101 SET @OLD_CHARACTER_SET_RESULTS=@@CHARACTER_SET_RESULTS */;
/*!40101 SET @OLD_COLLATION_CONNECTION=@@COLLATION_CONNECTION */;
/*!40101 SET NAMES utf8mb4 */;

--
-- Base de datos: `residencias`
--

-- --------------------------------------------------------

--
-- Estructura de tabla para la tabla `alumnos`
--

CREATE TABLE `alumnos` (
  `ncontrol` char(9) COLLATE utf8_spanish_ci NOT NULL,
  `nombre` char(40) COLLATE utf8_spanish_ci NOT NULL,
  `semestre` int(11) NOT NULL,
  `carrera` char(40) COLLATE utf8_spanish_ci DEFAULT NULL
) ENGINE=InnoDB DEFAULT CHARSET=utf8 COLLATE=utf8_spanish_ci;

--
-- Volcado de datos para la tabla `alumnos`
--

INSERT INTO `alumnos` (`ncontrol`, `nombre`, `semestre`, `carrera`) VALUES
('16240691', 'Saray Pérez Madrigal', 9, 'Ingeniería en Sistemas Computacionales'),
('16240781', 'Francisco Javier Peña Ponce', 9, 'Ingeniería en Sistemas Computacionales'),
('C17240408', 'Oliver de Jesús Martínez Pérez', 9, 'Ingeniería en Sistemas Computacionales');

-- --------------------------------------------------------

--
-- Estructura de tabla para la tabla `asignación`
--

CREATE TABLE `asignación` (
  `ntrabajador` char(9) COLLATE utf8_spanish_ci NOT NULL,
  `ncontrol` char(9) COLLATE utf8_spanish_ci DEFAULT NULL
) ENGINE=InnoDB DEFAULT CHARSET=utf8 COLLATE=utf8_spanish_ci;

--
-- Volcado de datos para la tabla `asignación`
--

INSERT INTO `asignación` (`ntrabajador`, `ncontrol`) VALUES
('172345', '16240691'),
('167283', '16240691'),
('175365', '16240691'),
('176598', '16240781'),
('173456', '16240781'),
('178453', '16240781');

-- --------------------------------------------------------

--
-- Estructura de tabla para la tabla `comentarios`
--

CREATE TABLE `comentarios` (
  `ComID` varchar(5) COLLATE utf8_spanish_ci NOT NULL,
  `comentario` varchar(255) COLLATE utf8_spanish_ci DEFAULT NULL,
  `ntrabajador` char(9) COLLATE utf8_spanish_ci NOT NULL
) ENGINE=InnoDB DEFAULT CHARSET=utf8 COLLATE=utf8_spanish_ci;

--
-- Volcado de datos para la tabla `comentarios`
--

INSERT INTO `comentarios` (`ComID`, `comentario`, `ntrabajador`) VALUES
('1', 'Le faltan cosas', '167283');

-- --------------------------------------------------------

--
-- Estructura de tabla para la tabla `doccom`
--

CREATE TABLE `doccom` (
  `iddoc` char(5) NOT NULL,
  `ComID` varchar(5) NOT NULL
) ENGINE=MyISAM DEFAULT CHARSET=utf8mb4;

-- --------------------------------------------------------

--
-- Estructura de tabla para la tabla `documentos`
--

CREATE TABLE `documentos` (
  `iddoc` char(5) COLLATE utf8_spanish_ci NOT NULL,
  `nusuario` char(9) COLLATE utf8_spanish_ci NOT NULL,
  `archivo_binario` blob NOT NULL,
  `nombredoc` varchar(255) COLLATE utf8_spanish_ci NOT NULL,
  `tamanokb` varchar(15) COLLATE utf8_spanish_ci NOT NULL,
  `tipo` varchar(25) COLLATE utf8_spanish_ci NOT NULL,
  `fecha` date NOT NULL
) ENGINE=InnoDB DEFAULT CHARSET=utf8 COLLATE=utf8_spanish_ci;

--
-- Volcado de datos para la tabla `documentos`
--

INSERT INTO `documentos` (`iddoc`, `nusuario`, `archivo_binario`, `nombredoc`, `tamanokb`, `tipo`, `fecha`) VALUES
('1', '16240691', 0x504b030414000600080000002100dfa4d26c5a01000020050000130008025b436f6e74656e745f54797065735d2e786d6c20a2040228a000020000000000000000000000000000000000000000000000000000000000000000000000000000000000000000000000000000000000000000000000000000000000000000000000000000000000000000000000000000000000000000000000000000000000000000000000000000000000000000000000000000000000000000000000000000000000000000000000000000000000000000000000000000000000000000000000000000000000000000000000000000000000000000000000000000000000000000000000000000000000000000000000000000000000000000000000000000000000000000000000000000000000000000000000000000000000000000000000000000000000000000000000000000000000000000000000000000000000000000000000000000000000000000000000000000000000000000000000000000000000000000000000000000000000000000000000000000000000000000000000000000000000000000000000000000000000000000000000000000000000000000000000000000000000000000000000000000000000000000000000000000000000000000000000000000000000000000000000000000000000000000000000000000000000000000000000000000000000000000000000000000000000000000000000000000000000000000000000000000000000000000b494cb6ec2301045f795fa0f91b75562e8a2aa2a028b3e962d52e907187b0256fd92c7bcfebe1302515501910a6c222533f7de3356c683d1da9a6c0911b57725eb173d9681935e69372bd9d7e42d7f641926e19430de41c936806c34bcbd194c36013023b5c392cd530a4f9ca39c831558f8008e2a958f56247a8d331e84fc1633e0f7bdde0397de2570294fb5071b0e5ea0120b93b2d7357d6e48221864d973d35867954c8460b41489ea7ce9d49f947c97509072db83731df08e1a183f9850578e07ec741f7434512bc8c622a67761a98baf7c545c79b9b0a42c4edb1ce0f455a525b4fada2d442f0191cedc9aa2ad58a1dd9eff2807a68d01bc3c45e3db1d0f2991e01a003be74e84154c3faf46f1cbbc13a4a2dc89981ab83c466bdd09916803a179f6cfe6d8da9c8aa4ce71f40169a3e33fc6deaf6cadce69e00031e9d37f5d9b48d667cf07f56da0401dc8e6dbfb6df8030000ffff0300504b0304140006000800000021001e911ab7ef0000004e0200000b0008025f72656c732f2e72656c7320a2040228a000020000000000000000000000000000000000000000000000000000000000000000000000000000000000000000000000000000000000000000000000000000000000000000000000000000000000000000000000000000000000000000000000000000000000000000000000000000000000000000000000000000000000000000000000000000000000000000000000000000000000000000000000000000000000000000000000000000000000000000000000000000000000000000000000000000000000000000000000000000000000000000000000000000000000000000000000000000000000000000000000000000000000000000000000000000000000000000000000000000000000000000000000000000000000000000000000000000000000000000000000000000000000000000000000000000000000000000000000000000000000000000000000000000000000000000000000000000000000000000000000000000000000000000000000000000000000000000000000000000000000000000000000000000000000000000000000000000000000000000000000000000000000000000000000000000000000000000000000000000000000000000000000000000000000000000000000000000000000000000000000000000000000000000000000000000000000000000000000000000000000000000ac92c16ac3300c40ef83fd83d1bd51dac118a34e2f63d0db18d907085b494c13dbd86ad7fefd3cd8d8025de96147cbd2d393d07a739c4675e0945df01a96550d8abd09d6f95ec35bfbbc78009585bca53178d670e20c9be6f666fdca234929ca838b59158acf1a0691f88898cdc013e52a44f6e5a70b692229cfd46324b3a39e7155d7f7987e33a09931d5d66a485b7b07aa3d45be861dbace197e0a663fb197332d908fc2deb25dc454ea93b8328d6a29f52c1a6c302f259c9162ac0a1af0bcd1ea7aa3bfa7c589852c09a109892ffb7c665c125afee78ae6193f36ef2159b45fe16f1b9c5d41f3010000ffff0300504b030414000600080000002100d664b351f4000000310300001c000801776f72642f5f72656c732f646f63756d656e742e786d6c2e72656c7320a2040128a0000100000000000000000000000000000000000000000000000000000000000000000000000000000000000000000000000000000000000000000000000000000000000000000000000000000000000000000000000000000000000000000000000000000000000000000000000000000000000000000000000000000000000000000000000000000000000000000000000000000000000000000000000000000000000000000000000000000000000000000000000000000000000000000000000000000000000000000000000000000000000000000000000000000000000000000000000000000000000000000000000000000000000000000000000000000000ac92cb6ac3301045f785fe83987d2d3b7d5042e46c4a21dbd6fd00451e3fa82c09cdf4e1bfaf4849ebd060baf072ae9873cf8036dbcfc18a778cd47ba7a0c87210e88caf7bd72a78a91eafee41106b576beb1d2a1891605b5e5e6c9ed06a4e4bd4f58144a23852d03187b594643a1c34653ea04b2f8d8f83e634c656066d5e758b7295e777324e19509e30c5ae561077f535886a0cf81fb66f9adee083376f033a3e53213f70ff8ccce9384a581d5b640593304b4490e745564b8ad01f8b6332a7502caac0a3c5a9c0619eabbf5db29ed32efeb61fc6efb09873b859d2a1f18e2bbdb7138f9fe828214f3e7af9050000ffff0300504b030414000600080000002100814e433d92040000251c000011000000776f72642f646f63756d656e742e786d6cec59cb6edb3814dd0f30ff40689d58b2e3c48e51a7c8340f7430058ca65d17d7146d31a178352465c7f99b59ceb2984fc88fcd2525db79b4a99d649249116fc4e7b9e73e45ca6fde9ee78a4d84b112753f6a36928809cd31957adc8f3e7f3adaec46cc3ad02928d4a21fcd848ddeeefdfacb9b692f455ee6423b4610daf6a605ef479973452f8e2dcf440eb6914b6ed0e2c83538e6318e46928b788a268d5b493309adc22017d692bc77a02760a31a8e9faf86961a98d2660fd88e7906c689f32546736d90ed7837eede04ca6fab8685d03439429383a3ae19c73998b3b2d824dc029c1c4a25dd8c20939d390cf6a3d2e85e0db1b9a0e2b7f42a2af563bec3ac22b7da7250bb23488c8d50c401b5cd64b1b0697e5f349acce62093bb9498e46abe6e5a34db0f0b8883ca2b4bc055e8d7aecc55c5fc6ec466b282473cc462c72a14aecb9c33c941eaa5e07b99e68a719bdbeb01b46e01ec58b11ec4760d11db59be4c8d69317e98978f0d96c5124d3e0cedbd3e5b60f97ab506561d2d5723d83e8ccc490605a572ce7befc71a0d0c153122df33721f0b1e603e4ba23daaa6434c67fe59b0698faa71fab11f25c9412bd93dd88fe64303e307b7bb9da475b8183c10232895bb3d33b832149007c63f4e39cd4f40f52323c7998b623f68aa397b319f6bb5ab097bf1cede1c53a0c7f3316137dbcd5d3f1ed728f14292f926ef471637edb9bd3fc4e53f7a831d97a0e1b404870c18593915ecb4d4127d83bcb3ebf7b86a6745f396bd6f98f645d9fb55a1fb2af4b2837f9ffd594aa1194763842d908e6abdb523fd9e267b3c473e3b814789245b0097819192feedb3b593f81dbef3b1f4c51f4a879563975934443a5cbdfc2a0cc3b02e5c07822148dd822252988988f6066898b04e5098eab4e454a273c10a617249cdb04c3b3054b76d69d9486ab00c1cdd44e8082ba8c914b013e3a0c1f695902975c0c08c7d80946a1028762de0497583383a345e75372b88882d84522724615eae9e2a3b8f84d1747b12172b313cd4e913f3dbf04eb0a8816c5cd511b2fa1899506c5c5a17de9de4323ad1186a5aea65e45906c4ff5ce69082bf2408b6c5e0f22bda0d6609224576f9375d1a59558fac3ff76cb0cc7bd2c186876390174a92b3514dbc9381e5743c526cb660a1b12622e936aa69910c728ca0631749f0a1122082f8c66bbdfb69de9c2f99fbd3e5edb78bec89d42cbffccbb2c2575b4549e5d30329a5441a3299325aa48debd5f2355d5e093c7fd2fd6fef38dcbf604cfd567e18fbe97dcac30a1700e7cf4ee145f89f27f69d7679be60ff7969054faeb8c7fbfecb8f7f6b07c97364d48bb87a1f19a0c3abe5c87e8789a413f2405c7e053640cdd74fc5572b7fc7ca9f846ab0a4dd6e773a3bad6e73abddb9665bffe914cffc7f2fe17e4758322542de509aaa623ffa728cbf013fabc4cdd7d24d6bb1b292171c6405778385663ff25230fcf8c4eb39ed47cd56ab1dc466d4deeeb603b05ff0013ca2c382c6dbcd4ec0f25fcea8db499abe3b44e7305f4e2b31ba329b094805c9ed245ddf1d21ba2bdd71e942b716c751791bd76743bf260ca7c88f8df43afb8f1103e978567d9ea894aff40ecdea4374bcfc7f6fef5f000000ffff0300504b030414000600080000002100d6d8be342d060000911a000015000000776f72642f7468656d652f7468656d65312e786d6cec594d8b1b3718be17fa1fc4dc1d8fed197f2cf1067b6c276d7693907552729467e419653523339277d78440494ebd140a69e9a181de7a28a581061a7ae98f594868d31f514933638f6cb94bba0e84d235acf5f1bcaf1ebdaff448e3b97aed2c26e004a50cd3a46bd5aed81640894f039c845debde7854695b8071980490d00475ad0562d6b5fd8f3fba0af778846204847dc2f660d78a389fed55abcc17cd905da1339488be294d63c845350dab410a4f85df9854ebb6ddacc610271648602cdc8e850d0810b83d9d621f59fb85fb2111ff12ce64834fd223e91ce536256c705c935f6cc13c92821348ba961829a0a76374c62d4020e3a2a36bd9eacfaaee5fad2e8d08df625bb21ba9bfdc2e37088eebca2e0d274b43c7719d666fe95f0108dfc40d5bc3e6b0b9f4a700d0f7c54c332e65acdbeff4076e8e2d81b2a2c1f7a03568d4347cc97f6303df73e547c32b50567436f0a391b78a610994155d434c5a75cfd1f00a94159b1bf896dd1b382d0daf4011c1c9f106da769b0daf98ed1232a5e48611de719d51ab9ec357a86a697565f609dfb6d662f890a6230150c9851c27802f66680a7d81f320c1931483031c4662e1cd60429968b6ebf6c86e88fff2e3a8928a08dc43b0649d35f96ca349f201cc4ff18c77ad4f8557ab0479fdead5f99397e74f7e3d7ffaf4fcc9cff9d89b7637601296eddefef0d55fcf3f077ffef2fddb675f9bf1ac8c7ff3d3176f7efbfd9fdc738dd6372fdebc7cf1fadb2ffff8f19901de4be1a40c1fe31831700b9d82bb341613340c8026e9bb598c2388cb16bd24643081d2c6801ef24843df5a40020db83ed2e3783f157261025e9f3fd4081f45e99c6303f066146bc0434a499fa6c639dd946395a3304f42f3e0e9bc8cbb0be189696c6f2dcbc3f94cac7b6c72e94548a379878894c310258803d9478f1132983dc0588beb21f653cae894830718f4213686648c27da6a5a19ddc0b1c8cbc24450e45b8bcde17dd0a7c4e47e804e74a4d81b90985c22a285f13a9c73181b19c39894910790472692478bd4d702ceb8c874880805c3003166b2b99d2e34ba3785cc98d37e4816b18e4c393e36210f20a565e4801e7b118c6746ce3889cad84fd8b158a210dca1dc4882ea3b44d6451e60b235ddf731d2d27df1debe2764c8bc4064cf3c356d0944f5fdb820538894f3ea9aaec738b950e4d7e4dd7d7ff22e44f4f577cfcd9abb034937032f23e6bd141b77d3ba846fc3ad0bb747d3007ff8ba3d80f3e40e125bc500fd5fb6ff97edffbc6c6fdbcfbb17eb953eab8b7c715d576ee2ad77f72926e4882f083a604ad999985e30128daaa28c968f0ab34814f3e1345c9842550629e59f611e1d45702686a9a9114296bb0e19985126ce06d56cf42d3bc83c3ea441d65aab154fa7c200f255bb385b8a767112f1acb5d95a3d862dddab5aa81e970b02d2f65d489406d349340c245a45e30524d4cc76c2a26360d196eeb7b2505f7956c4fe0350feb4e13a1923b1de204181cc53665f6477e799de164c7dda75c3f43a92eb6e32ad91282d379d446919463040ebcd3bce756795528d9e0cc5268d56fb7de45a8ac89a369044af8153b1e71aae70e3c359d79a8a5ba128c633e18f49dd84244cba96cff340ff1b6599a58c0f208b3298eacae61f638e5240702cd67a390d245971abd55b728e1f28b98efde1454e7d95938ca653e4f32d2dabaae8cb9c187b2f0996153a17a48fa2e0144cc83cbd0b45a0dc564d0630c08c2fa319e0b4b4b857515c93ab7c2b6abf9aadb62824b308e6274a59cc33b82a2fe994e6a198aecf4aafe79399843249973e752f36921d25d1dc7280c853d3ac1fefef902fb15ae9bec62a93ee75adeb145ab7ed94b8fc8150a2b61a4ca326191ba8ad5a756a3bbc1094865b2ecd6d67c4ae4f83f5552b0f88e25ea96a1baf27e8e4a158f903715d9d13ce145574269e11bce287e54c09546ba12e671ccc53dcb51ed96ecff1eaae57b1dbeeb0e2341cbbd2767b8d4acf751bb5a15bb307fdfa6311141ec535371b7b249e67c8227fffa2da37dec1c4c535fb8a4fe32a55f7e0aa3256ef606a75ed1d4c764f0663d96f012c22f3a8591f751a9d7eb3d269f4461567d06f573a5eb35f1934bdd66034f0dc7667f4d802270aecf41a9ed31cb62bcd9ae7559ca62de9b73b959653aff79c56af3d747a8ff3588b9917df457815affdbf010000ffff0300504b030414000600080000002100e5185b75d0030000350a000011000000776f72642f73657474696e67732e786d6cb4566d6fdb3610fe3e60ff41d077c5922239b156a758ec784d11af43e5fe004aa26c227c0349d97187fdf71d2931729aae7057f4934ff7dc3d773cde1dfde6ed13a3c11e2b4d049f87c9451c0698d7a2217c3b0f3f6d56d1751868837883a8e0781e1eb10edfdefcfacb9b43a1b13160a603a0e0ba60f53cdc19238bc944d73bcc90be101273005ba11832f0a9b61386d46327a35a30890ca90825e63849e3781a0e34621e768a170345c448ad8416adb12e85685b52e3e1c77ba873e2f62e4b51770c73e3224e14a69083e07a47a4f66cecffb201b8f324fb6f1d62cfa8b73b24f119c73d08d53c7b9c939e75904ad4586bb820467d82848f81b35744cfb12f20f670444705ee49eca4d3ccf3ef23485f114c35fe3e8a7ca098e823c34f9e48d3734ad2430fa45248f50d37d483d5c5fd960b852a0ae9405d02385ae0b20b6fa0cb3f0bc1824321b1aae1aa6144e2389c58000a2cdad2208301d61253ea66a6a61801eda1d82ac4a0dbbdc6f934b8451d351b5495464830da23c8fe2a1d28eb1d52a836589512d5c0b610dc2841bd5d23fe14660193a3e062070f3747a354f633091e1c3138cf8b395b8b06dbcc3a45ce2fbc7570d193fc34e4978104ec10451abcb1752ccd91e215245f92cff877debcefb421c0e8a6ed0732f8560298dbc81fe0e63747895718990ecaf49382b99b585122d74429a1ee7903bdf1d38291b6c50a0210e8b535b40f51e2e0eafc0ea30656f70fc69d9cb6113c048df6c247218c378de3fcfa2a4eeffa4c2d3a22d9ed5596afbe86fcb7cff22a83a530c41fa2b2c22ed1bf94976c0b05acf7582056298282b55db3136b51a9c75bc23d5e6118777c8a945de5c128ea01cd10a52b98310fb8c1634543b45ce2d6c9748dd476e41d2cd457b530cfef9fb9ec7ec0ea0f253ad9a3078564df1ade24c9b2c19370f34098d7ebae2abd178705750275bcf9b057ae4e63790e85812b7623f6805cab385bcca34fe5d04a5495b60df01a49d97753b54de62125db9d496c0318f86ae035761fd5361db0d461698fb90f54db9381f5208cbad4eb4eec2ebdee72d4655e978dbadcebf25137f5baa9d5ed608e152cd547686c2f5a7d2b281507dcbc1bf157aabe087a87245ef63b17da4bf48a6109eb605fe027d8e8b82106fee448d230f464177c3ab5ee83354547d19917b616b3c6f22543830cf223f5c2d9b5f817b9d8b7a026d08ee59155e38abfe813a744c31a90f01a18a13cf69bc392ac68447d0f930492d34f97cb649a5cce7a3877af88d940933fc2bd7fc4ed2dd2b81930ef9af7ae7fdfce9224cf9245b4bccb66517697afa2198c73743dcbb23c5b5e5e2fd2f89f6148fdffbd9b7f010000ffff0300504b0304140006000800000021004b59ed5db80100003c05000012000000776f72642f666f6e745461626c652e786d6cdc92df6adb3014c6ef077b07a1fbc6b213a79da953d6ae81c1d8c5681f4051645b547f8c8e12376fbf23d9c9a0a1d0dceca23618e9fba49f8e3e9fdbbb57a3c95e7a50ced6349f314aa4156eab6c5bd3e7a7f5d50d2510b8dd72edacace94102bd5b7dfd723b548db30108eeb7501951d32e84beca32109d341c66ae9716cdc679c3034e7d9b19ee5f76fd9570a6e7416d9456e190158c2de984f11fa1b8a65142fe706267a40d697fe6a546a2b3d0a91e8eb4e123b4c1f96def9d90007867a3479ee1ca9e30f9e20c6494f00e5c13667899a9a284c2ed394b23a3ff01cacb00c5196009f232443921323818f94a8911d5cfd63acf371a49782582559104a6abe96792a1b2dca0fdc0b5da78958c9e5b0732476fcf754d59c1d6acc46f7c176c1ebf348b0b45c73dc8081917b2516eb851fa7054615000a3d1ab20baa3bee75ec5d2460b548bc60e36aca68f8cb1e2fb7a4d4725c7eaa2b2b8be9f94229e959e6f93323f292c2a2271d2341f3922714e6bf0cc6c4ce02c8927652490df72207f9ce1f69d440ab6c4244acc232633bf28119fb81727f2f83691eb9bf2bf2432f506f9a5da2ebcdb21b12f3e69874c0358fd050000ffff0300504b0304140006000800000021009376d649180100004002000014000000776f72642f77656253657474696e67732e786d6c94d1c14a03311006e0bbe03b84dcdb6c8b2db2745b10a97811417d80349d6d83994cc8a46eebd33bae55112fed2d93643ee667668b3d06f506993dc5468f869556101dad7ddc34fae57939b8d68a8b8d6b1b2842a30fc07a31bfbc98757507ab2728457eb21225728daed1db52526d0cbb2da0e5212588f2d852465ba4cc1b8336bfeed2c011265bfcca075f0e665c55537d64f2290ab5ad77704b6e87104bdf6f32041129f2d627fed6ba53b48ef23a6572c02c79307c79687dfc614657ff20f42e13535b8612e638514f49fba8ea4f187e81c979c0f81f3065388f981c09c30784bd56e8eafb4da46c57412489a4642ad5c37a2e2ba5543cfa775852bec9d43164f3796d43a0eef1e14e0af367eff30f000000ffff0300504b030414000600080000002100f1a63532df010000d803000010000801646f6350726f70732f6170702e786d6c20a2040128a00001000000000000000000000000000000000000000000000000000000000000000000000000000000000000000000000000000000000000000000000000000000000000000000000000000000000000000000000000000000000000000000000000000000000000000000000000000000000000000000000000000000000000000000000000000000000000000000000000000000000000000000000000000000000000000000000000000000000000000000000000000000000000000000000000000000000000000000000000000000000000000000000000000000000000000000000000000000000000000000000000000000000000000000000000000000009c53cb6edb3010bc17e83f08bcc794f3700363cda07050e4d03606ac2467965ad9442992206923ee3ff52bfa635d49b142b73945a7d9d9e570b8bb829be7d6147b0c513bbb60d349c90ab4cad5da6e16eca1fa7276cd8a98a4ada5711617ec8091dd888f1f60159cc79034c682246c5cb06d4a7ece79545b6c659c50da52a671a19589c2b0e1ae69b4c25ba7762ddac4cfcb72c6f139a1adb13ef3a3201b14e7fbf45ed1daa9ce5f7cac0e9ef40454d87a23138aefdd49037c24a072499a4ab728ae891e0358c90d4631053e007872a18ee2d30cf88060b99541aa44bd13971757c0b3183e7b6fb49289ba2abe69155c744d2aee7bab45771e785e02647f8d6a17743a8812781ec2576de9fe0be0032063416e82f4db177763046b250d2ee9e1a2912622f05702ee5076435d49ddf9dba7f91e5572a188fa178df59c153f64c4ae5d0bb697414b9bd85036043d363ea620aa3fbfd3ce38e023d3c3bc30c7fab2b33980d3c23ee85d103ef557e96430de37f4baf486dd696eb7f73098cdece4ce8e77fca3ba74ad97963acc47442dfe191f7ce56ebbdd78e9e22999cdfd49a7edda4b4553b99a96f906641958138b358d749cca48c01dbd20984e9fceda0dd6c79aff13dd4e3d0e3faa98ce26257dfd121d395a85f10f127f010000ffff0300504b0304140006000800000021005cc5b12e72010000f302000011000801646f6350726f70732f636f72652e786d6c20a2040128a00001000000000000000000000000000000000000000000000000000000000000000000000000000000000000000000000000000000000000000000000000000000000000000000000000000000000000000000000000000000000000000000000000000000000000000000000000000000000000000000000000000000000000000000000000000000000000000000000000000000000000000000000000000000000000000000000000000000000000000000000000000000000000000000000000000000000000000000000000000000000000000000000000000000000000000000000000000000000000000000000000000000000000000000000000000000008c92516f82301080df97ec3f90be4341d46c0430d9169f66b244972d7bebda133ba1346d15f9f72b2038a20f7bbbeb7df7715c1b2f4e45ee1c41695e8a04059e8f1c10b4645c64097adf2cdd07e468430423792920413568b448efef622a235a2a7853a504653868c79a848ea84cd0ce181961ace90e0aa23d4b085bdc96aa20c6a62ac392d03dc9004f7c7f8e0b30841143702374e560446725a383521e54de0a18c5904301c2681c7801beb00654a16f36b4953f64c14d2de126da1707faa4f9005655e555618bdaf903fcb97a5db7bfea72d1ec8a024a634623c34d0e698c2fa18df4e1fb07a8e98e87c4c6540131a54ad74491da5911a67846f216eb4bcdd2f75057a562da0a4699c51868aab834f62a3bfde8c0d239d16665ef76cb813dd5575fba269a260547debc8e346889218dcfabeea603e6d81545dd42fbca47f8fcb259a274e2078fae3f7783e92608a3e92cf2fdaf66c051ff45589c07f8b771168e8dbda0dbd1f899a6bf000000ffff0300504b03041400060008000000210067138a2b350b0000577000000f000000776f72642f7374796c65732e786d6cbc9d5d73dbba1186ef3bd3ffc0d1557b91c8f2679239ce19c7891b4f931c9fc869ae2112b25083040b92b1dd5f5f00a424ca4b505c70eb2b5ba2f60188172f800549e9b7df1f5319fde2ba102a3b9fcc5e1f4c229ec52a11d9ddf9e4c7edd5ab3793a828599630a9327e3e79e2c5e4f7f77ffdcb6f0fef8af249f2223280ac7897c6e7935559e6efa6d3225ef19415af55ce337370a974ca4af352df4d53a6efabfc55acd29c956221a4289fa6870707a79306a38750d4722962fe51c555cab3d2c54f359786a8b26225f2624d7b18427b503ac9b58a795198934e65cd4b99c83698d93100a522d6aa50cbf2b53999a6460e65c26707eebf546e012738c021009c161c87386910d3e229e58f93288ddf5ddf654ab3853424734a91a955e4c093f746cd44c51ff99255b22cec4b7da39b97cd2bf7e74a6565113dbc63452cc4ada98541a5c2503f5f64859898239c15e5452158e7c195fda7f3485c94adb73f88444ca6b6c4e2bfe6e02f26cf278787eb772e6d0d76de932cbb5bbfc7b3573fe6ed9ab4de5a18eef984e957f30b1b386d4eacfedb3addfcf92b5770ce62e1ca61cb929b8e3a3b3db05029ac2f0e4fdeae5f7caf6c0bb3aa544d210e50ffdd60a7a0c54dff35bd795e9bca1ce5cb2f2abee7c9bc3407ce27ae2cf3e68feb1b2d9436c6399fbc75659a37e73c159f4592f0acf5c16c2512fe73c5b31f054fb6efff79e53a7ff346acaaccfc7f743673bd4016c9a7c798e7d64ae668c6ac26df6c80b49faec4b67017fe9f356cd628d115bfe2cc8e27d1ec39c2551f8538b41145eb6cbb99d5b373779f421574f452051dbf5441272f55d0e94b1574f65205bd79a9821ce6ff5990c812fe581b111603a8fb381e37a2391eb3a1391e2fa1391eaba0391e27a0399e8e8ee678fa319ae3e9a6084ea9625f2f6c75f6234f6fefe7ee9f23c2b8fba78430eefe19208cbb7fc00fe3ee1fdfc3b8fb87f330eefed13b8cbb7fb0c673eba556746d6c9695a35db654aacc54c9a3923f8ea7b1ccb05c9245c3b3931ed724274980a947b666221e4d8b997bbdbf87389386cfe7a54de722b58c96e2aed226371f5b719efde2d264c9114b12c323046a5e56dad322217d5af325d73c8b3965c7a683da4c30caaa7441d037737647c6e25942dc7c6b22c9a0b0e9d0267f5e599308824e9db258abf155538c6c7cf8228af16d6521d1874a4a4ec4fa46d3c51c6b7c6ee030e3530387199f1938ccf8c4a0a51955133534a2966a68440dd6d088daadee9f54edd6d088daada111b55b431bdf6eb7a2946e886faf3a66c3f7ee2ea5b2dbe2a3eb31177719330b80f1d34db3671add30cdee34cb5791dd95eec6b6cf195bce07953c45b71473da8644b5ae775de4d29cb5c8aaf10dba43a332d7864764af0d8fc8601bde788b7d35cb64bb40fb4c93cfccab45d9695a471a64da399355bda01def36568eef615b035c095d90d9a01b4bd083bfd9e5ac959362e4dbd6727cc5b6acf1b67a3e2a9156af4112d452aaf89e6618fefc94736dd2b2fbd1a42b25a57ae0091d715e6a55f7b5b6e50f9d24832cff29cd57ac102e57da410c9fead717d4a3af2c1f7d423792898c46b74faf52266444b782f87cfbf54b74ab729b66da86a1017e5065a9523266b313f8b79f7cf1779a0a5e9824387b223adb0ba2ed2107bb1404934c4d520911c92c33452648e650c7fb277f5a28a6131ada8de6f53d2c252722ce599ad78b0e026f9971f1c18c3f04ab21c7fb17d3c2ee0b5199ea9604d6da362caac5bf793c7ea8fba622929da13faad2ed3fbaa5ae8ba6c38d5f26ece0c62f119c9a667ab0fd97e0647770e34f76074775b297921585f05e420de6519dee9a477dbee393bf86a7a4d2cb4ad235e01a48d6826b2059132a59a5594179c68e4778c28e477dbe845dc6f108b6e41cef1f5a246462381895120e462583835169e060a4028cbf43a7051b7f9b4e0b36fe5e9d1a46b40468c1a8fa19e9f44f7495a705a3ea670e46d5cf1c8caa9f3918553f3bfa18f1e5d22c82e9a6981692aacfb59074134d56f234579ae92722e427c9ef18c106694dbbd16a691f6e50597d133701d2ee514bc2c5768da312f9275f9055cdb228eb45b023caa4548a686f6d3be1b8c8dd7bd7f685b927394657e146b298af944cb8f69c933fd6e4cbf3fab18ce7d577d518b4edf945dcadca68bedaecf6b731a7077b23d709fb4ed8fe02bbdafc74fd3c4b57d8579e882a5d57143e4c717a343cd8f5e89de0e3fdc1db95c44ee4c9c04858e6e9fec8ed2a7927f26c60242cf3cdc048e7d39dc83e3f7c64fabeb3239cf5f59f4d8ee7e97c677dbd6813dc596c5f47da447675c1b3be5eb46395e8228eedd502a8ce30cff8e38799c71f8f71919f82b1939f32d8577e449fc1bef35fc2ceec9841d395b7b97b028cfb6e113d68e4fcb352f5befdce05a7e10f755d9b855356f0a8937334fcc2d5ce28e36fc7c1c38d1f3178dcf123060f407ec4a091c81b8e1a92fc94c163931f317890f223d0a3159c1170a3158cc78d56303e64b4829490d16ac42ac08f18bc1cf023d0468508b45147ac14fc0894514178905121056d5488401b1522d046850b309c51613ccea8303ec4a89012625448411b1522d0468508b45121026d5488401b35706def0d0f322aa4a08d0a1168a34204daa86ebd38c2a8301e6754181f62544809312aa4a08d0a1168a34204daa81081362a44a08d0a1128a382f020a3420adaa81081362a44a08d5a3f6a186e54188f332a8c0f312aa484181552d0468508b45121026d5488401b1522d046850894514178905121056d5488401b1522d04675170b471815c6e38c0ae3438c0a2921468514b45121026d5488401b1522d0468508b45121026554101e645448411b1522d0468588befed95ca2f4dd663fc3ef7a7aefd81f7ee9aaa9d4f7f6a3dc6dd4d170d4ba567ed6f067113e28751f753e7878e4f28d6110b19042b92d6acf65f536d7dd1281baf0f9c765ff133e6dfac82f5d6a9e8570d74c01fc786824d85339eeebf2ed4890e41df7f5f4762458751ef78dbeed48300d1ef70dbace97eb9b52cc740482fb869956f0cc13de375ab7c26113f78dd1ad40d8c27d23732b103670df78dc0a3c89ece0fc3cfa64603b9d6eee2f0584beeed8229cf9097ddd126ab51e8ea131868ae6270c55cf4f182aa39f80d2d38bc10beb47a115f6a3c2a48636c34a1d6e543f012b352404490d30e1524354b0d4101526351c18b152430256eaf0c1d94f08921a60c2a586a860a9212a4c6a389561a58604acd49080957ae484ecc5844b0d51c152435498d4707187951a12b0524302566a4808921a60c2a586a860a9212a4c6a9025a3a58604acd49080951a1282a4069870a9212a586a88ea93daeda2ec488d52b8158e5b84b5027113722b103738b70203b2a5567460b6d42204664b50abb5e6b86ca92d9a9f30543d3f61a88c7e024a4f2f062fac1f8556d88f0a931a972d75491d6e543f012b352e5bf24a8dcb967aa5c6654bbd52e3b225bfd4b86ca94b6a5cb6d42575f8e0ec2704498dcb967aa5c6654bbd52e3b225bfd4b86ca94b6a5cb6d425352e5bea927ae484ecc5844b8dcb967aa5c6654b7ea971d95297d4b86ca94b6a5cb6d425352e5bf24a8dcb967aa5c6654bbd52e3b225bfd4b86ca94b6a5cb6d425352e5bea921a972d79a5c6654bbd52e3b2a55ea93dd9d2f461e707982cdbfdbe99f970f99473fb1ddcad076692fa3b489b8b80ee83d7c9e687926cb0ad49d4fc2455f3b6ab7073c1b02ed105c2a2e295292b6ebe3dc953d45565eaca139e6bcd962ad7e65f1bf0bc68cf97a5baaa6c1b61fde9a651b71743ebcfed5cf8ecad79691bbda7d6561496f5b552ad9baf826f9b8eb8af86a63e0b59ff6c97f9e73a4b0ce0a1f9c9aabaa6c923ab51e6f82597f22bab3fad72ff47255f96f5d1d9817b6cfed9f145fd0d70de78ed860a2f60ba5b99fa65f3d3619ef6aebf13beb986ed69f3b9c8a43104eb6870774bc5d8b6ded66efd5ff1fe7f000000ffff0300504b01022d0014000600080000002100dfa4d26c5a010000200500001300000000000000000000000000000000005b436f6e74656e745f54797065735d2e786d6c504b01022d00140006000800000021001e911ab7ef0000004e0200000b00000000000000000000000000930300005f72656c732f2e72656c73504b01022d0014000600080000002100d664b351f4000000310300001c00000000000000000000000000b3060000776f72642f5f72656c732f646f63756d656e742e786d6c2e72656c73504b01022d0014000600080000002100814e433d92040000251c00001100000000000000000000000000e9080000776f72642f646f63756d656e742e786d6c504b01022d0014000600080000002100d6d8be342d060000911a00001500000000000000000000000000aa0d0000776f72642f7468656d652f7468656d65312e786d6c504b01022d0014000600080000002100e5185b75d0030000350a000011000000000000000000000000000a140000776f72642f73657474696e67732e786d6c504b01022d00140006000800000021004b59ed5db80100003c050000120000000000000000000000000009180000776f72642f666f6e745461626c652e786d6c504b01022d00140006000800000021009376d64918010000400200001400000000000000000000000000f1190000776f72642f77656253657474696e67732e786d6c504b01022d0014000600080000002100f1a63532df010000d803000010000000000000000000000000003b1b0000646f6350726f70732f6170702e786d6c504b01022d00140006000800000021005cc5b12e72010000f30200001100000000000000000000000000501e0000646f6350726f70732f636f72652e786d6c504b01022d001400060008000000210067138a2b350b0000577000000f00000000000000000000000000f9200000776f72642f7374796c65732e786d6c504b0506000000000b000b00c10200005b2c00000000, 'carta.docx', '12082', 'application/vnd.openxmlfo', '2020-12-07');

--
-- Disparadores `documentos`
--
DELIMITER $$
CREATE TRIGGER `GenerarID` BEFORE INSERT ON `documentos` FOR EACH ROW BEGIN
	DECLARE last_id INT DEFAULT NUll;
	
    SET last_id = (SELECT max(iddoc)+1 FROM documentos);
	IF last_id IS NULL THEN
       SET last_id = 1;
    END IF;
    SET NEW.iddoc = last_id;
END
$$
DELIMITER ;

-- --------------------------------------------------------

--
-- Estructura de tabla para la tabla `revisión`
--

CREATE TABLE `revisión` (
  `iddoc` char(5) COLLATE utf8_spanish_ci NOT NULL,
  `ntrabajador` char(9) COLLATE utf8_spanish_ci DEFAULT NULL,
  `aprobación` char(14) COLLATE utf8_spanish_ci DEFAULT NULL,
  `fecha_revis` date DEFAULT NULL,
  `fecha_lim` date DEFAULT NULL,
  `ComID` varchar(5) COLLATE utf8_spanish_ci DEFAULT NULL
) ENGINE=InnoDB DEFAULT CHARSET=utf8 COLLATE=utf8_spanish_ci;

--
-- Volcado de datos para la tabla `revisión`
--

INSERT INTO `revisión` (`iddoc`, `ntrabajador`, `aprobación`, `fecha_revis`, `fecha_lim`, `ComID`) VALUES
('1', '172345', 'Deficiente', '2020-12-08', '2020-12-10', NULL),
('1', '167283', 'Deficiente', '2020-12-08', '2020-12-10', '1'),
('1', '175365', 'Deficiente', '2020-12-08', NULL, NULL);

-- --------------------------------------------------------

--
-- Estructura de tabla para la tabla `revisores`
--

CREATE TABLE `revisores` (
  `ntrabajador` char(9) COLLATE utf8_spanish_ci NOT NULL,
  `nombre` char(40) COLLATE utf8_spanish_ci NOT NULL,
  `area` char(40) COLLATE utf8_spanish_ci NOT NULL
) ENGINE=InnoDB DEFAULT CHARSET=utf8 COLLATE=utf8_spanish_ci;

--
-- Volcado de datos para la tabla `revisores`
--

INSERT INTO `revisores` (`ntrabajador`, `nombre`, `area`) VALUES
('167283', 'Cirino Silva', 'Sistemas'),
('172345', 'Edna Militza', 'Sistemas'),
('173456', 'Ruth Saez', 'Sistemas'),
('175365', 'Domingo Garcia', 'Sistemas'),
('176598', 'Gerardo Carpio', 'Sistemas'),
('178453', 'Laura Juarez', 'Sistemas');

-- --------------------------------------------------------

--
-- Estructura de tabla para la tabla `usuario`
--

CREATE TABLE `usuario` (
  `NumeroControl` int(11) NOT NULL,
  `Contraseña` varchar(30) COLLATE utf8_spanish_ci NOT NULL,
  `Rol` varchar(30) COLLATE utf8_spanish_ci NOT NULL
) ENGINE=InnoDB DEFAULT CHARSET=utf8 COLLATE=utf8_spanish_ci;

--
-- Volcado de datos para la tabla `usuario`
--

INSERT INTO `usuario` (`NumeroControl`, `Contraseña`, `Rol`) VALUES
(167283, '9999', 'Profesor'),
(172345, '5', 'Profesor'),
(173456, '#hola98', 'Profesor'),
(175365, '579Contra12', 'Profesor'),
(176598, '#contra123', 'Profesor'),
(178453, '123ol0', 'Profesor'),
(16240691, 'Contra123', 'Estudiante'),
(16240781, 'Pass#212', 'Estudiante');

--
-- Índices para tablas volcadas
--

--
-- Indices de la tabla `alumnos`
--
ALTER TABLE `alumnos`
  ADD PRIMARY KEY (`ncontrol`);

--
-- Indices de la tabla `comentarios`
--
ALTER TABLE `comentarios`
  ADD PRIMARY KEY (`ComID`);

--
-- Indices de la tabla `documentos`
--
ALTER TABLE `documentos`
  ADD PRIMARY KEY (`iddoc`);

--
-- Indices de la tabla `revisores`
--
ALTER TABLE `revisores`
  ADD PRIMARY KEY (`ntrabajador`);

--
-- Indices de la tabla `usuario`
--
ALTER TABLE `usuario`
  ADD PRIMARY KEY (`NumeroControl`);
COMMIT;

/*!40101 SET CHARACTER_SET_CLIENT=@OLD_CHARACTER_SET_CLIENT */;
/*!40101 SET CHARACTER_SET_RESULTS=@OLD_CHARACTER_SET_RESULTS */;
/*!40101 SET COLLATION_CONNECTION=@OLD_COLLATION_CONNECTION */;
